{
  "name": "Asus-ZenBook-Duo-Integration",
  "description": "Intègre la gestion de l'écran secondaire de l'Asus ZenBook Duo dans GNOME Shell pour une expérience fluide.",
  "gettext-domain": "asuszenbookduointegration",
  "uuid": "asuszenbookduointegration@ChristopheTheodore.extension",
  "shell-version": ["45", "46", "47", "48"],
  "url": "https://github.com/ChristopheTheodore/Asus-ZenBook-Duo-Integration.git",
  "version": 3,
  "settings-schema": "org.gnome.shell.zen-book-duo-integration",
  "license": "GPL-2.0"
}